{"avg_TR_score": 93.74485596812475, "std_TR_score": 7.274554195822039, "avg_TS_score": 59.50000011867947, "std_TS_score": 4.461426034898674}